student_id,study_hours,attendance,previous_marks,assignment_score,sleep_hours,internet_hours,parental_support,extracurricular,performance
S1001,2.4,,48,8,7.6,6.8,Low,No,Low
S1002,5.2,79,51,48,7.3,3.2,Low,No,Low
S1003,3.6,95,85,73,8.8,0.4,Medium,No,High
S1004,7.5,96,78,16,6.3,4.7,Medium,Yes,Medium
S1005,0.4,82,52,58,5.4,8,Low,Yes,Low
S1006,2,73,36,62,5.9,1.2,Low,No,Low
S1007,3.2,99,64,70,8.2,0.3,Medium,Yes,High
S1008,9.1,54,69,46,4.5,5.5,Low,Yes,High
S1009,,46,82,,7.7,1.4,Medium,Yes,Medium
S1010,4.3,63,94,42,8.5,6.1,Medium,Yes,Medium
S1011,5,65,71,60,5.3,4,Medium,No,Medium
S1012,7.2,77,64,31,7.5,0.6,High,Yes,High
S1013,2.3,,43,99,4.7,,Low,No,Low
S1014,9.9,72,31,42,,1.2,Medium,Yes,Medium
S1015,4.8,51,46,69,8.9,5.8,Low,No,Low
S1016,5.1,76,81,91,7.2,3.1,High,No,High
S1017,6.9,94,,36,4.1,5.4,High,No,High
S1018,3.8,68,57,75,6.8,2.2,,No,Low
S1019,8,45,96,69,,0.5,Low,Yes,High
S1020,8.8,46,57,99,8.8,1.9,High,No,High
S1021,5.4,90,80,47,5.3,6.5,Low,No,Medium
S1022,9.3,68,75,63,8.5,2.5,Medium,Yes,High
S1023,8.8,66,48,31,7.8,2.4,Low,Yes,Medium
S1024,6.6,98,35,31,5,5.6,Low,Yes,Low
S1025,8.4,81,83,3,7.5,7.1,Medium,Yes,Medium
S1026,2.3,65,79,44,7.4,7.1,Low,Yes,Low
S1027,7.1,57,81,90,4.1,4.8,High,No,High
S1028,3.1,75,,78,6.8,6.3,High,Yes,Low
S1029,5.3,89,39,26,7,5.2,High,No,Medium
S1030,9.3,75,51,33,8.9,2.7,Medium,No,Medium
S1031,3.7,52,,18,6,,Medium,Yes,Low
S1032,5.7,64,,12,6.5,0.7,Low,Yes,Low
S1033,6.1,91,81,32,8.7,,High,No,High
S1034,7.6,72,83,39,7.4,1.1,High,No,High
S1035,4.1,77,44,96,6.9,3.7,High,No,Medium
S1036,4.4,76,60,4,6.2,2.6,Low,Yes,Low
S1037,0.7,,86,91,6.3,0.8,Low,No,Medium
S1038,9.5,45,90,45,,2.1,Low,No,High
S1039,9,80,53,,4.1,4,High,No,High
S1040,4.4,,50,7,8.7,0.9,Low,No,Medium
